-- Flyway V1.1__seed_20_samples.sql
-- Seed 20 realistic sample rows for all entities into SQLite Database Tables

-- 1. Colleges
INSERT OR IGNORE INTO sys_college (id, code, name) VALUES
(1, 'COL-CS', '计算机学院'),
(2, 'COL-EM', '经济管理学院'),
(3, 'COL-AD', '艺术设计学院'),
(4, 'COL-SE', '软件工程学院'),
(5, 'COL-EI', '电子信息工程学院');

-- 2. Majors
INSERT OR IGNORE INTO sys_major (id, college_id, code, name) VALUES
(1, 1, 'MAJ-CS', '计算机科学与技术'),
(2, 2, 'MAJ-EM', '电子商务'),
(3, 3, 'MAJ-AD', '环境设计'),
(4, 4, 'MAJ-SE', '软件工程'),
(5, 5, 'MAJ-EI', '通信工程');

-- 3. Classes
INSERT OR IGNORE INTO idx_class (id, major_id, grade, code, name) VALUES
(1, 1, 2023, 'CLS-CS2301', '计科2301班'),
(2, 2, 2023, 'CLS-EM2301', '电商2301班'),
(3, 3, 2023, 'CLS-AD2301', '环设2301班'),
(4, 4, 2023, 'CLS-SE2301', '软工2301班'),
(5, 5, 2023, 'CLS-EI2301', '通信2301班');

-- 4. 20 Students
INSERT OR IGNORE INTO idx_student (id, student_no, name, gender, political_status, college_id, major_id, class_id, status) VALUES
(1, '2023010101', '张伟', 'M', '共青团员', 1, 1, 1, 'enrolled'),
(2, '2023010102', '王芳', 'F', '共青团员', 2, 2, 2, 'enrolled'),
(3, '2023010103', '李娜', 'F', '群众', 3, 3, 3, 'enrolled'),
(4, '2023010104', '刘洋', 'M', '群众', 4, 4, 4, 'enrolled'),
(5, '2023010105', '陈杰', 'M', '中共党员', 5, 5, 5, 'enrolled'),
(6, '2023010106', '杨光', 'M', '共青团员', 1, 1, 1, 'enrolled'),
(7, '2023010107', '黄磊', 'M', '共青团员', 2, 2, 2, 'enrolled'),
(8, '2023010108', '周敏', 'F', '群众', 3, 3, 3, 'enrolled'),
(9, '2023010109', '吴强', 'M', '共青团员', 4, 4, 4, 'enrolled'),
(10, '2023010110', '徐霞', 'F', '共青团员', 5, 5, 5, 'enrolled'),
(11, '2023010111', '孙浩', 'M', '群众', 1, 1, 1, 'enrolled'),
(12, '2023010112', '胡婷', 'F', '共青团员', 2, 2, 2, 'enrolled'),
(13, '2023010113', '朱勇', 'M', '共青团员', 3, 3, 3, 'enrolled'),
(14, '2023010114', '高丽', 'F', '共青团员', 4, 4, 4, 'enrolled'),
(15, '2023010115', '林涛', 'M', '群众', 5, 5, 5, 'enrolled'),
(16, '2023010116', '何静', 'F', '共青团员', 1, 1, 1, 'enrolled'),
(17, '2023010117', '郭平', 'M', '共青团员', 2, 2, 2, 'enrolled'),
(18, '2023010118', '马明', 'M', '共青团员', 3, 3, 3, 'enrolled'),
(19, '2023010119', '罗军', 'M', '群众', 4, 4, 4, 'enrolled'),
(20, '2023010120', '梁晨', 'F', '共青团员', 5, 5, 5, 'enrolled');

-- 5. 20 TY Applications
INSERT OR IGNORE INTO ty_application (id, biz_no, student_id, apply_date, statement, app_status) VALUES
(1, 'TY-2026-0001', 1, '2026-03-01', '我志愿加入中国共产主义青年团...', 'S3'),
(2, 'TY-2026-0002', 2, '2026-03-02', '积极参加青年志愿者活动...', 'S2'),
(3, 'TY-2026-0003', 3, '2026-03-03', '思想端正，遵纪守法...', 'S1'),
(4, 'TY-2026-0004', 4, '2026-03-04', '努力学习专业技能...', 'S0'),
(5, 'TY-2026-0005', 5, '2026-03-05', '坚持党的全面领导...', 'S3'),
(6, 'TY-2026-0006', 6, '2026-03-06', '积极参与班级团支部建设...', 'S2'),
(7, 'TY-2026-0007', 7, '2026-03-07', '热心帮助同学...', 'S1'),
(8, 'TY-2026-0008', 8, '2026-03-08', '立志成为优秀共青团员...', 'S0'),
(9, 'TY-2026-0009', 9, '2026-03-09', '严格要求自己...', 'S3'),
(10, 'TY-2026-0010', 10, '2026-03-10', '坚定理想信念...', 'S2'),
(11, 'TY-2026-0011', 11, '2026-03-11', '不断提升道德修养...', 'S1'),
(12, 'TY-2026-0012', 12, '2026-03-12', '勇于担当青年使命...', 'S0'),
(13, 'TY-2026-0013', 13, '2026-03-13', '争做模范带头表率...', 'S3'),
(14, 'TY-2026-0014', 14, '2026-03-14', '践行社会主义核心价值观...', 'S2'),
(15, 'TY-2026-0015', 15, '2026-03-15', '在学习中锤炼本领...', 'S1'),
(16, 'TY-2026-0016', 16, '2026-03-16', '服务社会公益事业...', 'S0'),
(17, 'TY-2026-0017', 17, '2026-03-17', '积极递交思想汇报...', 'S3'),
(18, 'TY-2026-0018', 18, '2026-03-18', '保持崇高人生追求...', 'S2'),
(19, 'TY-2026-0019', 19, '2026-03-19', '坚定跟党走信念...', 'S1'),
(20, 'TY-2026-0020', 20, '2026-03-20', '勇当青年先锋...', 'S0');

-- 6. 20 Associations
INSERT OR IGNORE INTO st_association (id, assoc_code, name, president_id, star_rating, status) VALUES
(1, 'ST-01', '计算机算法与编程社', 1, 5, 'active'),
(2, 'ST-02', '英语角交际协会', 2, 4, 'active'),
(3, 'ST-03', '吉他与流行音乐社', 3, 4, 'active'),
(4, 'ST-04', '轮滑与极限运动社', 4, 3, 'active'),
(5, 'ST-05', '汉服文化研究社', 5, 5, 'active'),
(6, 'ST-06', '机器人与AI创新社', 6, 5, 'active'),
(7, 'ST-07', '青年志愿者协会', 7, 5, 'active'),
(8, 'ST-08', '羽毛球羽健社', 8, 4, 'active'),
(9, 'ST-09', '摄影与视觉艺术社', 9, 4, 'active'),
(10, 'ST-10', '辩论与演讲社', 10, 5, 'active'),
(11, 'ST-11', '动漫与二次元同好会', 11, 3, 'active'),
(12, 'ST-12', '跆拳道协会', 12, 4, 'active'),
(13, 'ST-13', '心理健康互助社', 13, 4, 'active'),
(14, 'ST-14', '创客与3D打印社', 14, 5, 'active'),
(15, 'ST-15', '电影鉴赏协会', 15, 3, 'active'),
(16, 'ST-16', '乒乓球同好会', 16, 4, 'active'),
(17, 'ST-17', '书法与国画社', 17, 4, 'active'),
(18, 'ST-18', '电子竞技社', 18, 3, 'active'),
(19, 'ST-19', '数学建模协会', 19, 5, 'active'),
(20, 'ST-20', '大学生合唱团', 20, 5, 'active');

-- 7. 20 Buildings
INSERT OR IGNORE INTO sq_building (id, code, name, total_floors) VALUES
(1, 'SQ-B01', '学生公寓1号楼', 6),
(2, 'SQ-B02', '学生公寓2号楼', 6),
(3, 'SQ-B03', '学生公寓3号楼', 6),
(4, 'SQ-B04', '学生公寓4号楼', 6),
(5, 'SQ-B05', '学生公寓5号楼', 6),
(6, 'SQ-B06', '学生公寓6号楼', 6),
(7, 'SQ-B07', '学生公寓7号楼', 6),
(8, 'SQ-B08', '学生公寓8号楼', 6),
(9, 'SQ-B09', '学生公寓9号楼', 6),
(10, 'SQ-B10', '学生公寓10号楼', 6),
(11, 'SQ-B11', '学生公寓11号楼', 6),
(12, 'SQ-B12', '学生公寓12号楼', 6),
(13, 'SQ-B13', '学生公寓13号楼', 6),
(14, 'SQ-B14', '学生公寓14号楼', 6),
(15, 'SQ-B15', '学生公寓15号楼', 6),
(16, 'SQ-B16', '学生公寓16号楼', 6),
(17, 'SQ-B17', '学生公寓17号楼', 6),
(18, 'SQ-B18', '学生公寓18号楼', 6),
(19, 'SQ-B19', '学生公寓19号楼', 6),
(20, 'SQ-B20', '学生公寓20号楼', 6);

-- 8. 20 Work-Study Positions
INSERT OR IGNORE INTO qg_position (id, biz_no, dept_name, title, hourly_rate_cents, max_weekly_hours, hiring_count, status) VALUES
(1, 'QG-P01', '图书馆', '图书整理助理', 2200, 20, 10, 'S1'),
(2, 'QG-P02', '教务处', '档案整理助理', 2200, 20, 5, 'S1'),
(3, 'QG-P03', '实验中心', '机房维护助理', 2500, 15, 8, 'S1'),
(4, 'QG-P04', '学工处', '日常事务助理', 2200, 20, 6, 'S1'),
(5, 'QG-P05', '体育馆', '场地管理助理', 2000, 20, 12, 'S1'),
(6, 'QG-P06', '网络中心', '技术运维助理', 2500, 15, 4, 'S1'),
(7, 'QG-P07', '后勤处', '食堂督导员', 2000, 20, 10, 'S1'),
(8, 'QG-P08', '心理中心', '接待前台助理', 2200, 15, 3, 'S1'),
(9, 'QG-P09', '校团委', '活动策划助理', 2200, 20, 6, 'S1'),
(10, 'QG-P10', '计算机学院', '院办行政助理', 2200, 20, 5, 'S1'),
(11, 'QG-P11', '经管学院', '院办行政助理', 2200, 20, 5, 'S1'),
(12, 'QG-P12', '艺术学院', '展厅维护助理', 2000, 15, 4, 'S1'),
(13, 'QG-P13', '校医院', '健康导诊助理', 2000, 20, 4, 'S1'),
(14, 'QG-P14', '保卫处', '校园安全巡逻助理', 2200, 15, 8, 'S1'),
(15, 'QG-P15', '招生办', '咨询热线助理', 2200, 20, 6, 'S1'),
(16, 'QG-P16', '就业指导中心', '宣讲会场务助理', 2200, 20, 8, 'S1'),
(17, 'QG-P17', '校报编辑部', '新闻采编助理', 2500, 15, 4, 'S1'),
(18, 'QG-P18', '新媒体中心', '视频剪辑助理', 2500, 15, 4, 'S1'),
(19, 'QG-P19', '档案馆', '史料数字化助理', 2200, 20, 5, 'S1'),
(20, 'QG-P20', '校友会', '校友联络助理', 2200, 20, 4, 'S1');

-- 9. 20 CMP Scores
INSERT OR IGNORE INTO cmp_score (id, student_id, total_score, ty_score, st_score, sq_score, qg_score, academic_score) VALUES
(1, 1, 98.0, 95.0, 96.0, 98.0, 90.0, 99.0),
(2, 2, 97.0, 94.0, 95.0, 97.0, 92.0, 98.0),
(3, 3, 95.5, 92.0, 94.0, 96.0, 88.0, 97.0),
(4, 4, 94.0, 90.0, 93.0, 95.0, 85.0, 96.0),
(5, 5, 93.5, 96.0, 92.0, 94.0, 91.0, 95.0),
(6, 6, 92.0, 88.0, 91.0, 93.0, 84.0, 94.0),
(7, 7, 91.5, 87.0, 90.0, 92.0, 86.0, 93.0),
(8, 8, 90.0, 85.0, 89.0, 91.0, 82.0, 92.0),
(9, 9, 89.5, 89.0, 88.0, 90.0, 87.0, 91.0),
(10, 10, 88.0, 86.0, 87.0, 89.0, 85.0, 90.0),
(11, 11, 87.5, 84.0, 86.0, 88.0, 83.0, 89.0),
(12, 12, 86.0, 85.0, 85.0, 87.0, 81.0, 88.0),
(13, 13, 85.5, 83.0, 84.0, 86.0, 80.0, 87.0),
(14, 14, 84.0, 82.0, 83.0, 85.0, 79.0, 86.0),
(15, 15, 83.5, 81.0, 82.0, 84.0, 78.0, 85.0),
(16, 16, 82.0, 80.0, 81.0, 83.0, 77.0, 84.0),
(17, 17, 81.5, 79.0, 80.0, 82.0, 76.0, 83.0),
(18, 18, 80.0, 78.0, 79.0, 81.0, 75.0, 82.0),
(19, 19, 79.5, 77.0, 78.0, 80.0, 74.0, 81.0),
(20, 20, 78.0, 76.0, 77.0, 79.0, 73.0, 80.0);
