-- Flyway V1.3__seed_more_data.sql
-- 补充更多种子数据，确保所有业务表都有 >= 20 条数据

-- ========== 0. 为新增学生创建用户账号（满足外键约束） ==========
INSERT OR IGNORE INTO sys_user (id, username, password_hash, display_name, user_type, status, student_id) VALUES
(23, '2023010121', 'student@123', '郑伟', 'student', 'active', 21),
(24, '2023010122', 'student@123', '钱芳', 'student', 'active', 22),
(25, '2023010123', 'student@123', '孙娜', 'student', 'active', 23),
(26, '2023010124', 'student@123', '李阳', 'student', 'active', 24),
(27, '2023010125', 'student@123', '周杰', 'student', 'active', 25),
(28, '2023010126', 'student@123', '吴鹏', 'student', 'active', 26),
(29, '2023010127', 'student@123', '郑磊', 'student', 'active', 27),
(30, '2023010128', 'student@123', '王敏', 'student', 'active', 28),
(31, '2023010129', 'student@123', '冯强', 'student', 'active', 29),
(32, '2023010130', 'student@123', '陈静', 'student', 'active', 30),
(33, '2023010131', 'student@123', '褚浩', 'student', 'active', 31),
(34, '2023010132', 'student@123', '卫婷', 'student', 'active', 32),
(35, '2023010133', 'student@123', '蒋勇', 'student', 'active', 33),
(36, '2023010134', 'student@123', '沈丽', 'student', 'active', 34),
(37, '2023010135', 'student@123', '韩涛', 'student', 'active', 35),
(38, '2023010136', 'student@123', '杨静', 'student', 'active', 36),
(39, '2023010137', 'student@123', '朱平', 'student', 'active', 37),
(40, '2023010138', 'student@123', '秦明', 'student', 'active', 38),
(41, '2023010139', 'student@123', '尤军', 'student', 'active', 39),
(42, '2023010140', 'student@123', '许晨', 'student', 'active', 40),
(43, '2023010141', 'student@123', '何伟', 'student', 'active', 41),
(44, '2023010142', 'student@123', '吕芳', 'student', 'active', 42),
(45, '2023010143', 'student@123', '施娜', 'student', 'active', 43),
(46, '2023010144', 'student@123', '张阳', 'student', 'active', 44),
(47, '2023010145', 'student@123', '孔杰', 'student', 'active', 45),
(48, '2023010146', 'student@123', '曹鹏', 'student', 'active', 46),
(49, '2023010147', 'student@123', '严磊', 'student', 'active', 47),
(50, '2023010148', 'student@123', '华敏', 'student', 'active', 48),
(51, '2023010149', 'student@123', '金强', 'student', 'active', 49),
(52, '2023010150', 'student@123', '魏静', 'student', 'active', 50);

-- ========== 1. st_activity: 补充到 25 条（原有10条，新增15条） ==========
INSERT OR IGNORE INTO st_activity (id, biz_no, assoc_id, title, level, budget_cents, start_time, end_time, location, activity_status) VALUES
(11, 'ST-A-0011', 3,  '吉他社春季演奏会',       'C', 120000, '2026-04-05 19:00:00', '2026-04-05 21:00:00', '大学生活动中心', 'S3'),
(12, 'ST-A-0012', 4,  '轮滑社校园刷街活动',     'D', 20000,  '2026-04-12 14:00:00', '2026-04-12 17:00:00', '校园内环',       'S3'),
(13, 'ST-A-0013', 8,  '羽毛球新生杯',           'C', 80000,  '2026-04-18 08:00:00', '2026-04-19 18:00:00', '体育馆',         'S2'),
(14, 'ST-A-0014', 9,  '校园摄影展',             'D', 60000,  '2026-04-20 10:00:00', '2026-04-27 17:00:00', '图书馆展厅',     'S2'),
(15, 'ST-A-0015', 11, '动漫社cosplay游园会',    'C', 150000, '2026-05-05 09:00:00', '2026-05-05 18:00:00', '学生广场',       'S1'),
(16, 'ST-A-0016', 12, '跆拳道校际交流赛',       'B', 200000, '2026-05-15 14:00:00', '2026-05-16 18:00:00', '体育馆',         'S1'),
(17, 'ST-A-0017', 13, '心理健康宣传周',         'C', 100000, '2026-05-20 08:00:00', '2026-05-27 18:00:00', '校园各区域',     'S1'),
(18, 'ST-A-0018', 15, '电影展映月',             'D', 30000,  '2026-06-01 19:00:00', '2026-06-30 21:00:00', '阶梯教室',       'S0'),
(19, 'ST-A-0019', 16, '乒乓球联谊赛',           'D', 40000,  '2026-06-10 14:00:00', '2026-06-11 17:00:00', '体育馆',         'S0'),
(20, 'ST-A-0020', 18, '电竞友谊赛',             'C', 100000, '2026-06-15 13:00:00', '2026-06-16 21:00:00', '创客空间',       'S0'),
(21, 'ST-A-0021', 1,  '程序设计竞赛训练营',     'B', 180000, '2026-07-01 09:00:00', '2026-07-15 18:00:00', '实验楼A',        'S0'),
(22, 'ST-A-0022', 2,  '英语口语夏令营',         'C', 120000, '2026-07-10 09:00:00', '2026-07-24 17:00:00', '外语楼',         'S0'),
(23, 'ST-A-0023', 6,  '机器人创新大赛',         'B', 300000, '2026-07-20 08:00:00', '2026-07-22 18:00:00', '工程训练中心',   'S0'),
(24, 'ST-A-0024', 7,  '暑期支教志愿者招募',     'C', 60000,  '2026-08-01 09:00:00', '2026-08-15 18:00:00', '线上+线下',      'S0'),
(25, 'ST-A-0025', 19, '数模暑期集训',           'B', 150000, '2026-08-10 08:00:00', '2026-09-05 18:00:00', '数学楼',         'S0');

-- ========== 2. st_recruit_plan: 补充到 25 条（原有10条，新增15条） ==========
INSERT OR IGNORE INTO st_recruit_plan (id, assoc_id, title, target_count, accepted_count, status) VALUES
(11, 3,  '2026春季吉他社招新',     35, 30, 'S2'),
(12, 4,  '2026春季轮滑社招新',     40, 35, 'S2'),
(13, 8,  '2026春季羽毛球社招新',   45, 40, 'S2'),
(14, 9,  '2026春季摄影社招新',     30, 25, 'S2'),
(15, 11, '2026春季动漫社招新',     50, 42, 'S2'),
(16, 12, '2026春季跆拳道社招新',   30, 28, 'S2'),
(17, 13, '2026春季心理社招新',     40, 35, 'S2'),
(18, 15, '2026春季电影社招新',     55, 50, 'S1'),
(19, 16, '2026春季乒乓球社招新',   35, 30, 'S1'),
(20, 18, '2026春季电竞社招新',     60, 55, 'S1'),
(21, 1,  '2026秋季算法社招新',     40, 0,  'S0'),
(22, 2,  '2026秋季英语角招新',     60, 0,  'S0'),
(23, 6,  '2026秋季AI社招新',       35, 0,  'S0'),
(24, 10, '2026秋季辩论社招新',     25, 0,  'S0'),
(25, 20, '2026秋季合唱团招新',     45, 0,  'S0');

-- ========== 3. sq_incident: 补充到 25 条（原有15条，新增10条） ==========
INSERT OR IGNORE INTO sq_incident (id, biz_no, building_id, level, incident_type, reporter_id, handler_id, status, description, resolution, closed_at) VALUES
(16, 'SQ-EV-0016', 12, 'L1', 'cleanliness', 16, 2, 'reported', '楼道灯不亮',           NULL, NULL),
(17, 'SQ-EV-0017', 14, 'L2', 'damage',      17, 2, 'reported', '衣柜门损坏',           NULL, NULL),
(18, 'SQ-EV-0018', 8,  'L1', 'noise',       18, 2, 'reported', '早间洗漱噪音大',       NULL, NULL),
(19, 'SQ-EV-0019', 11, 'L3', 'safety',      19, 2, 'reported', '高空抛物',             NULL, NULL),
(20, 'SQ-EV-0020', 16, 'L1', 'cleanliness', 20, 2, 'reported', '垃圾未及时清运',       NULL, NULL),
(21, 'SQ-EV-0021', 3,  'L2', 'damage',      1,  2, 'handling', '洗衣机故障',           NULL, NULL),
(22, 'SQ-EV-0022', 6,  'L1', 'noise',       2,  2, 'handling', '宠物叫声扰民',         NULL, NULL),
(23, 'SQ-EV-0023', 9,  'L1', 'cleanliness', 3,  2, 'resolved', '公共区域有异味',       '已消毒处理',      '2026-04-02 11:00:00'),
(24, 'SQ-EV-0024', 13, 'L2', 'damage',      4,  2, 'resolved', '热水器漏水',           '已维修更换',      '2026-04-05 15:30:00'),
(25, 'SQ-EV-0025', 17, 'L3', 'safety',      5,  2, 'resolved', '门禁系统失灵',         '已修复并升级',    '2026-04-08 10:00:00');

-- ========== 4. qg_difficulty_cert: 补充到 25 条（原有15条，新增10条） ==========
INSERT OR IGNORE INTO qg_difficulty_cert (id, biz_no, student_id, academic_year, level, cert_status) VALUES
(16, 'QG-DC-0016', 12, '2025-2026', 'difficult', 'S0'),
(17, 'QG-DC-0017', 14, '2025-2026', 'normal',    'S0'),
(18, 'QG-DC-0018', 16, '2025-2026', 'difficult', 'S0'),
(19, 'QG-DC-0019', 18, '2025-2026', 'normal',    'S0'),
(20, 'QG-DC-0020', 20, '2025-2026', 'special',   'S0'),
(21, 'QG-DC-0021', 1,  '2024-2025', 'normal',    'S3'),
(22, 'QG-DC-0022', 3,  '2024-2025', 'difficult', 'S3'),
(23, 'QG-DC-0023', 5,  '2024-2025', 'special',   'S3'),
(24, 'QG-DC-0024', 7,  '2024-2025', 'normal',    'S3'),
(25, 'QG-DC-0025', 9,  '2024-2025', 'difficult', 'S3');

-- ========== 5. 补充更多学生到 50 条（确保各模块有足够数据关联） ==========
INSERT OR IGNORE INTO idx_student (id, student_no, name, gender, political_status, college_id, major_id, class_id, status) VALUES
(21, '2023010121', '郑伟', 'M', '共青团员', 1, 1, 1, 'enrolled'),
(22, '2023010122', '钱芳', 'F', '共青团员', 2, 2, 2, 'enrolled'),
(23, '2023010123', '孙娜', 'F', '群众',     3, 3, 3, 'enrolled'),
(24, '2023010124', '李阳', 'M', '群众',     4, 4, 4, 'enrolled'),
(25, '2023010125', '周杰', 'M', '中共党员', 5, 5, 5, 'enrolled'),
(26, '2023010126', '吴鹏', 'M', '共青团员', 1, 1, 1, 'enrolled'),
(27, '2023010127', '郑磊', 'M', '共青团员', 2, 2, 2, 'enrolled'),
(28, '2023010128', '王敏', 'F', '群众',     3, 3, 3, 'enrolled'),
(29, '2023010129', '冯强', 'M', '共青团员', 4, 4, 4, 'enrolled'),
(30, '2023010130', '陈静', 'F', '共青团员', 5, 5, 5, 'enrolled'),
(31, '2023010131', '褚浩', 'M', '群众',     1, 1, 1, 'enrolled'),
(32, '2023010132', '卫婷', 'F', '共青团员', 2, 2, 2, 'enrolled'),
(33, '2023010133', '蒋勇', 'M', '共青团员', 3, 3, 3, 'enrolled'),
(34, '2023010134', '沈丽', 'F', '共青团员', 4, 4, 4, 'enrolled'),
(35, '2023010135', '韩涛', 'M', '群众',     5, 5, 5, 'enrolled'),
(36, '2023010136', '杨静', 'F', '共青团员', 1, 1, 1, 'enrolled'),
(37, '2023010137', '朱平', 'M', '共青团员', 2, 2, 2, 'enrolled'),
(38, '2023010138', '秦明', 'M', '共青团员', 3, 3, 3, 'enrolled'),
(39, '2023010139', '尤军', 'M', '群众',     4, 4, 4, 'enrolled'),
(40, '2023010140', '许晨', 'F', '共青团员', 5, 5, 5, 'enrolled'),
(41, '2023010141', '何伟', 'M', '共青团员', 1, 1, 1, 'enrolled'),
(42, '2023010142', '吕芳', 'F', '群众',     2, 2, 2, 'enrolled'),
(43, '2023010143', '施娜', 'F', '共青团员', 3, 3, 3, 'enrolled'),
(44, '2023010144', '张阳', 'M', '中共预备党员', 4, 4, 4, 'enrolled'),
(45, '2023010145', '孔杰', 'M', '共青团员', 5, 5, 5, 'enrolled'),
(46, '2023010146', '曹鹏', 'M', '群众',     1, 1, 1, 'enrolled'),
(47, '2023010147', '严磊', 'M', '共青团员', 2, 2, 2, 'enrolled'),
(48, '2023010148', '华敏', 'F', '共青团员', 3, 3, 3, 'enrolled'),
(49, '2023010149', '金强', 'M', '群众',     4, 4, 4, 'enrolled'),
(50, '2023010150', '魏静', 'F', '中共党员', 5, 5, 5, 'enrolled');

-- ========== 6. 为新增学生补充综合分数据 ==========
INSERT OR IGNORE INTO cmp_score (id, student_id, total_score, ty_score, st_score, sq_score, qg_score, academic_score) VALUES
(21, 21, 77.0, 75.0, 76.0, 78.0, 72.0, 79.0),
(22, 22, 76.0, 74.0, 75.0, 77.0, 71.0, 78.0),
(23, 23, 75.5, 73.0, 74.0, 76.0, 70.0, 77.0),
(24, 24, 74.0, 72.0, 73.0, 75.0, 69.0, 76.0),
(25, 25, 92.5, 93.0, 89.0, 91.0, 88.0, 94.0),
(26, 26, 72.0, 70.0, 71.0, 73.0, 67.0, 75.0),
(27, 27, 71.5, 69.0, 70.0, 72.0, 66.0, 74.0),
(28, 28, 70.0, 68.0, 69.0, 71.0, 65.0, 73.0),
(29, 29, 69.5, 67.0, 68.0, 70.0, 64.0, 72.0),
(30, 30, 68.0, 66.0, 67.0, 69.0, 63.0, 71.0),
(31, 31, 67.5, 65.0, 66.0, 68.0, 62.0, 70.0),
(32, 32, 86.5, 85.0, 84.0, 87.0, 80.0, 88.0),
(33, 33, 85.0, 83.0, 83.0, 86.0, 79.0, 87.0),
(34, 34, 84.5, 82.0, 82.0, 85.0, 78.0, 86.0),
(35, 35, 65.0, 63.0, 64.0, 66.0, 60.0, 68.0),
(36, 36, 83.0, 81.0, 81.0, 84.0, 77.0, 85.0),
(37, 37, 82.5, 80.0, 80.0, 83.0, 76.0, 84.0),
(38, 38, 81.0, 79.0, 79.0, 82.0, 75.0, 83.0),
(39, 39, 63.5, 61.0, 62.0, 64.0, 58.0, 66.0),
(40, 40, 80.0, 78.0, 78.0, 81.0, 74.0, 82.0),
(41, 41, 79.5, 77.0, 77.0, 80.0, 73.0, 81.0),
(42, 42, 62.0, 60.0, 61.0, 63.0, 57.0, 65.0),
(43, 43, 78.5, 76.0, 76.0, 79.0, 72.0, 80.0),
(44, 44, 91.0, 92.0, 88.0, 90.0, 86.0, 93.0),
(45, 45, 78.0, 75.0, 75.0, 78.0, 71.0, 79.0),
(46, 46, 60.5, 58.0, 59.0, 61.0, 55.0, 64.0),
(47, 47, 77.5, 74.0, 74.0, 77.0, 70.0, 78.0),
(48, 48, 76.5, 73.0, 73.0, 76.0, 69.0, 77.0),
(49, 49, 59.0, 57.0, 58.0, 60.0, 54.0, 63.0),
(50, 50, 94.5, 95.0, 91.0, 93.0, 90.0, 96.0);

-- ========== 7. 为新增学生补充入团申请数据 ==========
INSERT OR IGNORE INTO ty_application (id, biz_no, student_id, apply_date, statement, app_status) VALUES
(21, 'TY-2026-0021', 21, '2026-03-21', '积极向团组织靠拢...',     'S3'),
(22, 'TY-2026-0022', 22, '2026-03-22', '认真学习团章团史...',     'S2'),
(23, 'TY-2026-0023', 23, '2026-03-23', '热心公益事业...',         'S1'),
(24, 'TY-2026-0024', 24, '2026-03-24', '追求思想进步...',         'S0'),
(25, 'TY-2026-0025', 25, '2026-03-25', '发挥党员先锋模范作用...', 'S3'),
(26, 'TY-2026-0026', 26, '2026-03-26', '遵守团的纪律...',         'S2'),
(27, 'TY-2026-0027', 27, '2026-03-27', '积极参加志愿服务...',     'S1'),
(28, 'TY-2026-0028', 28, '2026-03-28', '端正入团动机...',         'S0'),
(29, 'TY-2026-0029', 29, '2026-03-29', '刻苦学习专业知识...',     'S3'),
(30, 'TY-2026-0030', 30, '2026-03-30', '尊敬师长团结同学...',     'S2'),
(31, 'TY-2026-0031', 31, '2026-03-31', '勇于自我批评...',         'S1'),
(32, 'TY-2026-0032', 32, '2026-04-01', '热爱集体关心他人...',     'S0'),
(33, 'TY-2026-0033', 33, '2026-04-02', '保持艰苦奋斗作风...',     'S3'),
(34, 'TY-2026-0034', 34, '2026-04-03', '积极开展批评与自我批评...', 'S2'),
(35, 'TY-2026-0035', 35, '2026-04-04', '向优秀团员学习...',       'S1'),
(36, 'TY-2026-0036', 36, '2026-04-05', '提高思想觉悟...',         'S0'),
(37, 'TY-2026-0037', 37, '2026-04-06', '踊跃参与团的活动...',     'S3'),
(38, 'TY-2026-0038', 38, '2026-04-07', '坚定理想信念...',         'S2'),
(39, 'TY-2026-0039', 39, '2026-04-08', '勤奋学习勇于创新...',     'S1'),
(40, 'TY-2026-0040', 40, '2026-04-09', '诚实守信品德高尚...',     'S0'),
(41, 'TY-2026-0041', 41, '2026-04-10', '团结同学乐于助人...',     'S3'),
(42, 'TY-2026-0042', 42, '2026-04-11', '积极要求进步...',         'S2'),
(43, 'TY-2026-0043', 43, '2026-04-12', '自觉履行团员义务...',     'S1'),
(44, 'TY-2026-0044', 44, '2026-04-13', '以党员标准严格要求自己...', 'S0'),
(45, 'TY-2026-0045', 45, '2026-04-14', '热爱祖国热爱人民...',     'S3'),
(46, 'TY-2026-0046', 46, '2026-04-15', '争取早日加入共青团...',   'S2'),
(47, 'TY-2026-0047', 47, '2026-04-16', '认真参加团课学习...',     'S1'),
(48, 'TY-2026-0048', 48, '2026-04-17', '不断提高自身素质...',     'S0'),
(49, 'TY-2026-0049', 49, '2026-04-18', '积极向上要求入团...',     'S3'),
(50, 'TY-2026-0050', 50, '2026-04-19', '发挥模范带头作用...',     'S2');
